15	Lily	Koch	F	paid
26	Ryan	Smith	M	free
50	Ava	Robinson	F	free
97	Kate	Harrell	F	paid
101	Jayden	Fox	M	free
63	Ayla	Johnson	F	free
32	Lily	Burns	F	free
23	Morris	Gilmore	M	free
83	Stefany	White	F	free
76	Jayden	Duffy	F	free
6	Cecilia	Owens	F	free
80	Tegan	Levine	F	paid
91	Jayden	Bell	M	free
73	Jacob	Klein	M	paid
86	Aiden	Hess	M	free
24	Layla	Griffin	F	paid
49	Chloe	Cuevas	F	paid
57	Katherine	Gay	F	free
30	Avery	Watkins	F	paid
92	Ryann	Smith	F	free
74	Braden	Parker	M	free
88	Mohammad	Rodriguez	M	paid
36	Matthew	Jones	M	paid
12	Austin	Rosales	M	free
61	Samuel	Gonzalez	M	free
43	Jahiem	Miles	M	free
85	Kinsley	Young	F	paid
16	Rylan	George	M	paid
78	Chloe	Roth	F	free
33	Bronson	Harris	M	free
5	Elijah	Davis	M	free
66	Kevin	Arellano	M	free
51	Maia	Burke	F	free
9	Wyatt	Scott	M	free
94	Noah	Chavez	M	free
60	Devin	Larson	M	free
25	Jayden	Graves	M	paid
44	Aleena	Kirby	F	paid
29	Jacqueline	Lynch	F	paid
67	Colm	Santana	M	free
14	Theodore	Harris	M	free
37	Jordan	Hicks	F	free
95	Sara	Johnson	F	paid
54	Kaleb	Cook	M	free
55	Martin	Johnson	M	free
8	Kaylee	Summers	F	free
89	Kynnedi	Sanchez	F	free
10	Sylvie	Cruz	F	free
100	Adler	Barrera	M	free
84	Shakira	Hunt	F	free
2	Jizelle	Benjamin	F	free
52	Theodore	Smith	M	free
69	Anabelle	Simpson	F	free
48	Marina	Sutton	F	free
4	Alivia	Terrell	F	free
59	Lily	Cooper	F	free
99	Ann	Banks	F	free
58	Emily	Benson	F	paid
34	Evelin	Ayala	F	free
62	Connar	Moreno	M	free
53	Celeste	Williams	F	free
81	Sienna	Colon	F	free
68	Jordan	Rodriguez	F	free
8	Kaylee	Summers	F	free
10	Sylvie	Cruz	F	free
26	Ryan	Smith	M	free
101	Jayden	Fox	M	free
42	Harper	Barrett	M	paid
35	Molly	Taylor	F	free
40	Tucker	Garrison	M	free
65	Amiya	Davidson	F	paid
19	Zachary	Thomas	M	free
72	Hayden	Brock	F	paid
38	Gianna	Jones	F	free
28	Brantley	West	M	free
77	Magdalene	Herman	F	free
90	Andrea	Butler	F	free
70	Jaleah	Hayes	F	paid
56	Cienna	Freeman	F	free
98	Jordyn	Powell	F	free
17	Makinley	Jones	F	free
47	Kimber	Norris	F	free
64	Hannah	Calhoun	F	free
13	Ava	Robinson	F	free
18	Jacob	Rogers	M	free
79	James	Martin	M	free
96	Cierra	Finley	F	free
16	Rylan	George	M	free
44	Aleena	Kirby	F	paid
37	Jordan	Hicks	F	free
66	Kevin	Arellano	M	free
6	Cecilia	Owens	F	free
61	Samuel	Gonzalez	M	free
69	Anabelle	Simpson	F	free
74	Braden	Parker	M	free
7	Adelyn	Jordan	F	free
18	Jacob	Rogers	M	free
36	Matthew	Jones	M	paid
52	Theodore	Smith	M	free
14	Theodore	Harris	M	free
35	Molly	Taylor	F	free
75	Joseph	Gutierrez	M	free
96	Cierra	Finley	F	free
41	Brayden	Clark	M	free
87	Dustin	Lee	M	free
11	Christian	Porter	F	free
82	Avery	Martinez	F	paid
39	Walter	Frye	M	free
22	Sean	Wilson	F	free
20	Aiden	Ramirez	M	paid
7	Adelyn	Jordan	F	free
27	Carlos	Carter	M	free
45	Dominick	Norris	M	free
71	Ayleen	Wise	F	free
83	Stefany	White	F	free
48	Marina	Sutton	F	free
86	Aiden	Hess	M	free
17	Makinley	Jones	F	free
15	Lily	Koch	F	paid
89	Kynnedi	Sanchez	F	free
80	Tegan	Levine	F	free
88	Mohammad	Rodriguez	M	free
49	Chloe	Cuevas	F	free
100	Adler	Barrera	M	free
75	Joseph	Gutierrez	M	free
50	Ava	Robinson	F	free
71	Ayleen	Wise	F	free
54	Kaleb	Cook	M	free
3	Isaac	Valdez	M	free
